continent,gdp_cap,life_exp,pop_millions
Asia,974.5803384,43.828,31.889923
Europe,5937.029525999999,76.423,3.600523
Africa,6223.367465,72.301,33.333216
Africa,4797.231267,42.731,12.420476
Americas,12779.37964,75.32,40.301927
Oceania,34435.367439999995,81.235,20.434176
Europe,36126.4927,79.829,8.199783
Asia,29796.04834,75.635,0.708573
Asia,1391.253792,64.062,150.448339
Europe,33692.60508,79.441,10.392226
Africa,1441.284873,56.728,8.078314
Americas,3822.137084,65.554,9.119152
Europe,7446.298803,74.852,4.552198
Africa,12569.85177,50.728,1.639131
Americas,9065.800825,72.39,190.010647
Europe,10680.79282,73.005,7.322858
Africa,1217.032994,52.295,14.326203
Africa,430.0706916,49.58,8.390505
Asia,1713.778686,59.723,14.131858
Africa,2042.09524,50.43,17.696293
Americas,36319.23501,80.653,33.390141
Africa,706.016537,44.74100000000001,4.369038
Africa,1704.063724,50.651,10.238807
Americas,13171.63885,78.553,16.284741
Asia,4959.114854,72.961,1318.683096
Americas,7006.580419,72.889,44.22755
Africa,986.1478792,65.152,0.71096
Africa,277.5518587,46.462,64.606759
Africa,3632.557798,55.322,3.80061
Americas,9645.06142,78.782,4.133884
Africa,1544.750112,48.328,18.013409
Europe,14619.222719999998,75.748,4.493312
Americas,8948.102923,78.273,11.416987
Europe,22833.30851,76.486,10.228744
Europe,35278.41874,78.332,5.46812
Africa,2082.4815670000003,54.791,0.496374
Americas,6025.374752000001,72.235,9.319622
Americas,6873.262326000001,74.994,13.75568
Africa,5581.180998,71.33800000000001,80.264543
Americas,5728.353514,71.878,6.939688
Africa,12154.08975,51.57899999999999,0.551201
Africa,641.3695236000001,58.04,4.906585
Africa,690.8055759,52.947,76.511887
Europe,33207.0844,79.313,5.23846
Europe,30470.0167,80.657,61.083916
Africa,13206.48452,56.735,1.454867
Africa,752.7497265,59.448,1.688359
Europe,32170.37442,79.406,82.400996
Africa,1327.60891,60.022,22.873338
Europe,27538.41188,79.483,10.70629
Americas,5186.050003,70.259,12.572928
Africa,942.6542111,56.007,9.947814
Africa,579.2317429999999,46.388000000000005,1.472041
Americas,1201.637154,60.916,8.502814
Americas,3548.3308460000003,70.19800000000001,7.483763
Asia,39724.97867,82.208,6.980412
Europe,18008.94444,73.33800000000001,9.956108
Europe,36180.78919,81.757,0.301931
Asia,2452.210407,64.69800000000001,1110.396331
Asia,3540.651564,70.65,223.547
Asia,11605.71449,70.964,69.45357
Asia,4471.061906,59.545,27.499638
Europe,40675.99635,78.885,4.109086
Asia,25523.2771,80.745,6.426679
Europe,28569.7197,80.546,58.147733
Americas,7320.880262000001,72.567,2.780132
Asia,31656.06806,82.603,127.467972
Asia,4519.461171,72.535,6.053193
Africa,1463.249282,54.11,35.610177
Asia,1593.06548,67.297,23.301725
Asia,23348.139730000003,78.623,49.04479
Asia,47306.98978,77.58800000000001,2.505559
Asia,10461.05868,71.993,3.921278
Africa,1569.331442,42.592,2.012649
Africa,414.5073415,45.678,3.193942
Africa,12057.49928,73.952,6.036914
Africa,1044.770126,59.443000000000005,19.167654
Africa,759.3499101,48.303,13.327079
Asia,12451.6558,74.241,24.821286
Africa,1042.581557,54.467,12.031795
Africa,1803.151496,64.164,3.270065
Africa,10956.99112,72.801,1.250882
Americas,11977.57496,76.195,108.700891
Asia,3095.7722710000003,66.803,2.874127
Europe,9253.896111,74.543,0.684736
Africa,3820.17523,71.164,33.757175
Africa,823.6856205,42.082,19.951656
Asia,944.0,62.069,47.76198
Africa,4811.060429,52.906000000000006,2.05508
Asia,1091.359778,63.785,28.90179
Europe,36797.93332,79.762,16.570613
Oceania,25185.00911,80.204,4.115771
Americas,2749.320965,72.899,5.675356
Africa,619.6768923999999,56.867,12.894865
Africa,2013.977305,46.859,135.031164
Europe,49357.19017,80.196,4.627926
Asia,22316.19287,75.64,3.204897
Asia,2605.94758,65.483,169.270617
Americas,9809.185636,75.53699999999999,3.242173
Americas,4172.838464,71.752,6.667147
Americas,7408.905561,71.421,28.674757
Asia,3190.481016,71.688,91.077287
Europe,15389.924680000002,75.563,38.518241
Europe,20509.64777,78.098,10.642836
Americas,19328.70901,78.74600000000001,3.942491
Africa,7670.122558,76.442,0.798094
Europe,10808.47561,72.476,22.276056
Africa,863.0884639000001,46.242,8.860588
Africa,1598.435089,65.528,0.199579
Asia,21654.83194,72.777,27.601038
Africa,1712.472136,63.062,12.267493
Europe,9786.534714,74.002,10.150265
Africa,862.5407561000001,42.568000000000005,6.144562
Asia,47143.17964,79.972,4.553009
Europe,18678.31435,74.663,5.447502
Europe,25768.25759,77.926,2.009245
Africa,926.1410683,48.159,9.118773
Africa,9269.657808,49.339,43.997828
Europe,28821.0637,80.941,40.448191
Asia,3970.095407,72.396,20.378239
Africa,2602.394995,58.556,42.292929
Africa,4513.480643,39.613,1.133066
Europe,33859.74835,80.884,9.031088
Europe,37506.41907,81.70100000000001,7.554661
Asia,4184.548089,74.143,19.314747
Asia,28718.27684,78.4,23.174294
Africa,1107.482182,52.517,38.13964
Asia,7458.396326999999,70.616,65.068149
Africa,882.9699437999999,58.42,5.701579
Americas,18008.50924,69.819,1.056608
Africa,7092.923025,73.923,10.276158
Europe,8458.276384,71.777,71.158647
Africa,1056.380121,51.542,29.170398
Europe,33203.26128,79.425,60.776238
Americas,42951.65309,78.242,301.139947
Americas,10611.46299,76.384,3.447496
Americas,11415.80569,73.747,26.084662
Asia,2441.576404,74.249,85.262356
Asia,3025.349798,73.422,4.018332
Asia,2280.769906,62.698,22.211743
Africa,1271.211593,42.38399999999999,11.746035
Africa,469.70929810000007,43.487,12.311143
